{
	"class_name" : "ViewTrajectory",
	"interval" : 29,
	"is_loop" : false,
	"trajectory" : 
	[
		{
			"boundingbox_max" : [ 0.43350520948297344, 0.15658129981360958, -0.048740406956889859 ],
			"boundingbox_min" : [ 0.21683175798943533, -0.063434211103100324, -0.19384672798858676 ],
			"field_of_view" : 60.0,
			"front" : [ -0.84264386261372815, -0.38498860805038226, -0.37647721374718773 ],
			"lookat" : [ 0.33916501533465426, 0.031795626342507356, -0.11853291395750752 ],
			"up" : [ 0.28108869202880638, 0.28184702251942451, -0.91736110834854456 ],
			"zoom" : 0.6399999999999999
		}
	],
	"version_major" : 1,
	"version_minor" : 0
}